Train_acc_cor,ID,Cond
94.62105263,1002,ET
87.08857143,1003,ET
79.55,1004,ET
91.97027027,1005,TS
99.64,1007,TS
99.51,1008,TS
94.48421053,1012,ET
99.51,1013,TS
99.51,1015,TS
91.97027027,1016,ET
99.64,1018,ET
99.36,1020,TS
99.36,1021,TS
96.9974359,1022,TS
97.13076923,1025,ET
79.3875,1027,ET
96.9974359,1029,ET
99.64,1030,TS
